{
    "scene_name": "constant width",
    "version": "1.0",
    "objects": {
        "background_0": {
            "mesh_path": "templates/backgrounds/plane.obj",
            "material": {
                "diffuse": [
                    0.5,
                    0.5,
                    0.5
                ],
                "specular": [
                    0.42971493554245777,
                    0.42971493554245777,
                    0.42971493554245777
                ],
                "roughness": 0.8,
                "emissive": [
                    0.0,
                    0.0,
                    0.0
                ],
                "smooth_shading": true,
                "rand_tri_diffuse_seed": null,
                "random_diffuse_max": 0.5391740843900626,
                "random_diffuse_type": "per-triangle"
            },
            "transform": {
                "translation": [
                    0.0,
                    0.0,
                    0.0
                ],
                "rotation": [
                    0.0,
                    0.0,
                    0.0
                ],
                "scale": [
                    0.5,
                    0.5,
                    0.5
                ],
                "normalize": false
            }
        },
        "background_1": {
            "mesh_path": "templates/backgrounds/wall1.obj",
            "material": {
                "diffuse": [
                    0.12723959337784843,
                    0.4000964285282374,
                    0.3923815594682996
                ],
                "specular": [
                    0.41145208278731676,
                    0.41145208278731676,
                    0.41145208278731676
                ],
                "roughness": 0.026399439154986937,
                "emissive": [
                    0.0,
                    0.0,
                    0.0
                ],
                "smooth_shading": true,
                "rand_tri_diffuse_seed": 2333,
                "random_diffuse_max": 0.5712421086444699,
                "random_diffuse_type": "per-triangle"
            },
            "transform": {
                "translation": [
                    0.0,
                    0.0,
                    0.0
                ],
                "rotation": [
                    0.0,
                    0.0,
                    0.0
                ],
                "scale": [
                    0.5,
                    0.5,
                    0.5
                ],
                "normalize": false
            }
        },
        "random_object_0": {
            "mesh_path": "objects/constant-width/constant-width-triangulated.obj",
            "material": {
                "diffuse": [
                    0.1,
                    0.1,
                    0.1
                ],
                "specular": [
                    0.8301749532659042,
                    0.8301749532659042,
                    0.8301749532659042
                ],
                "roughness": 0.10769463115842216,
                "emissive": [
                    0.0,
                    0.0,
                    0.0
                ],
                "smooth_shading": true,
                "rand_tri_diffuse_seed": null,
                "random_diffuse_max": 0.11509532779294464,
                "random_diffuse_type": "per-shading-group"
            },
            "transform": {
                "translation": [
                    0.2,
                    0.2,
                    0.2
                ],
                "rotation": [
                    0,
                    0,
                    0
                ],
                "scale": [
                    0.4,
                    0.4,
                    0.4
                ],
                "normalize": true
            }
        },
        "random_object_1": {
            "mesh_path": "objects/constant-width/constant-width-triangulated.obj",
            "material": {
                "diffuse": [
                    0.7,
                    0.3,
                    0.3
                ],
                "specular": [
                    0.2,
                    0.2,
                    0.2
                ],
                "roughness": 0.3,
                "emissive": [
                    0.0,
                    0.0,
                    0.0
                ],
                "smooth_shading": true,
                "rand_tri_diffuse_seed": null,
                "random_diffuse_max": 0.6,
                "random_diffuse_type": "per-shading-group"
            },
            "transform": {
                "translation": [
                    -0.2,
                    -0.2,
                    0.2
                ],
                "rotation": [
                    90,
                    90,
                    180
                ],
                "scale": [
                    0.4,
                    0.4,
                    0.4
                ],
                "normalize": true
            }
        },
        "random_object_2": {
            "mesh_path": "objects/constant-width/constant-width-triangulated.obj",
            "material": {
                "diffuse": [
                    0.3,
                    0.3,
                    0.7
                ],
                "specular": [
                    0.05,
                    0.05,
                    0.05
                ],
                "roughness": 0.99,
                "emissive": [
                    0.0,
                    0.0,
                    0.0
                ],
                "smooth_shading": true,
                "rand_tri_diffuse_seed": null,
                "random_diffuse_max": 0.6,
                "random_diffuse_type": "per-shading-group"
            },
            "transform": {
                "translation": [
                    -0.15,
                    -0.05,
                    -0.2
                ],
                "rotation": [
                    0,
                    90,
                    180
                ],
                "scale": [
                    0.4,
                    0.4,
                    0.4
                ],
                "normalize": true
            }
        },
        "light_0": {
            "mesh_path": "templates/lighting/tri.obj",
            "material": {
                "diffuse": [
                    1.0,
                    1.0,
                    1.0
                ],
                "specular": [
                    0.0,
                    0.0,
                    0.0
                ],
                "roughness": 1.0,
                "emissive": [
                    633.1068437359679,
                    633.1068437359679,
                    633.1068437359679
                ],
                "smooth_shading": false,
                "rand_tri_diffuse_seed": null,
                "random_diffuse_max": 0.0,
                "random_diffuse_type": "per-shading-group"
            },
            "transform": {
                "translation": [
                    1.3835362985233328,
                    1.4864652459962517,
                    1.0070739788045449
                ],
                "rotation": [
                    55.312934566082454,
                    -78.38907821841238,
                    -171.5117473461766
                ],
                "scale": [
                    2.093776128026475,
                    2.472779645261895,
                    2.4721427963832867
                ],
                "normalize": false
            }
        },
        "light_1": {
            "mesh_path": "templates/lighting/tri.obj",
            "material": {
                "diffuse": [
                    1.0,
                    1.0,
                    1.0
                ],
                "specular": [
                    0.0,
                    0.0,
                    0.0
                ],
                "roughness": 1.0,